รหัสวิชา,ประเภท,รหัสตัวชี้วัด,คำอธิบาย/จุดประสงค์,ประเมิน
พ22103,พื้นฐาน,พ 4.1 ม.2/2,วิเคราะห์ผลของการใช้เทคโนโลยีที่มีต่อสุขภาพ,ระหว่างทาง
พ22103,พื้นฐาน,พ 4.1 ม.2/3,วิเคราะห์ความเจริญก้าวหน้าทางการแพทย์ที่มีผลต่อสุขภาพ,ระหว่างทาง
พ22103,พื้นฐาน,พ 5.1 ม.2/1,ระบุวิธีการ ปัจจัย และแหล่งที่ช่วยเหลือฟื้นฟูผู้ติดสารเสพติด,ระหว่างทาง
พ22103,พื้นฐาน,พ 5.1 ม.2/2,อธิบายวิธีการหลีกเลี่ยงพฤติกรรมเสี่ยงและสถานการณ์เสี่ยง,ระหว่างทาง
พ22103,พื้นฐาน,พ 4.1 ม.2/7,พัฒนาสมรรถภาพทางกายตนเองให้เป็นไปตามเกณฑ์ที่กำหนด,ระหว่างทาง
พ22103,พื้นฐาน,พ 5.1 ม.2/3 ,ใช้ทักษะชีวิตในการป้องกันและหลีกเลี่ยงสถานการณ์คับขันที่อาจนำไปสู่อันตราย,ปลายทาง
ว30204,เพิ่มเติม,1,อธิบายการเกิดเสียง การเคลื่อนที่ของเสียง ความสัมพันธ์ระหว่างคลื่นการกระจัดของอนุภาค กับคลื่นความดัน ความสัมพันธ์ระหว่างอัตราเร็วของเสียงในอากาศที่ขึ้นกับอุณหภูมิในหน่วย องศาเซลเซียส การสะท้อน การหักเห การแทรกสอด การเลี้ยวเบน ของคลื่นเสียง รวมทั้งคำนวณ ปริมาณต่าง ๆ ที่เกี่ยวข้อง,
ว30204,เพิ่มเติม,2,อธิบายความเข้มเสียง ระดับเสียง องค์ประกอบของการได้ยิน คุณภาพเสียง และมลพิษทางเสียง รวมทั้งคำนวณปริมาณต่าง ๆ ที่เกี่ยวข้อง,
ว30204,เพิ่มเติม,3,"ทดลอง และอธิบายการเกิดการสั่นพ้องของอากาศในท่อปลายเปิดหนึ่งด้าน รวมทั้งสังเกตและ
อธิบายการเกิดบิต คลื่นนิ่ง ปรากฏการณ์ตอปเพลอร์ คลื่นกระแทกของเสียง คำนวณปริมาณ ต่าง ๆ ที่เกี่ยวข้อง และนำความรู้เรื่องเสียงไปใช้ในชีวิตประจำวัน",
ว30204,เพิ่มเติม,4,ทดลอง และอธิบายการทำวัตถุที่เป็นกลางทางไฟฟ้าให้มีประจุไฟฟ้าโดยการขัดสีกันและการ เหนี่ยวนำไฟฟ้าสถิต,
ว30204,เพิ่มเติม,5,อธิบาย และคำนวณแรงไฟฟ้าตามกฎของคูลอมบ์,
ว30204,เพิ่มเติม,6,อธิบาย และคำนวณสนามไฟฟ้าและแรงไฟฟ้าที่กระทำกับอนุภาคที่มีประจุไฟฟ้าที่อยู่ในสนาม ไฟฟ้า รวมทั้งหาสนามไฟฟ้าลัพธ์เนื่องจากระบบจุดประจุโดยรวมกันแบบเวกเตอร์,
ว30204,เพิ่มเติม,7,อธิบาย และคำนวณพลังงานศักย์ไฟฟ้า ศักย์ไฟฟ้า และ ความต่างศักย์ระหว่างสองตำแหน่ง ใดๆ,
ว30204,เพิ่มเติม,8,อธิบายส่วนประกอบของตัวเก็บประจุ ความสัมพันธ์ระหว่างประจุไฟฟ้า ความต่างศักย์ และ ความจุของตัวเก็บประจุ และอธิบายพลังงานสะสมในตัวเก็บประจุ และความจุสมมูล รวมทั้ง คำนวณปริมาณต่าง ๆ ที่เกี่ยวข้อง,
ว30204,เพิ่มเติม,9,นำความรู้เรื่องไฟฟ้าสถิตไปอธิบายหลักการทำงานของเครื่องใช้ไฟฟ้าบางชนิด และปรากฏการณ์ ในชีวิตประจำวัน,
ว30204,เพิ่มเติม,10,อธิบายการเคลื่อนที่ของอิเล็กตรอนอิสระและกระแสไฟฟ้าในลวดตัวนำ ความสัมพันธ์ระหว่าง กระแสไฟฟ้าในลวดตัวนำกับความเร็วลอยเลื่อนของอิเล็กตรอนอิสระ ความหนาแน่นของ อิเล็กตรอนในลวดตัวนำและพื้นที่หน้าตัดของลวดตัวนำ และคำนวณปริมาณต่าง ๆ ที่เกี่ยวข้อง,
ว30204,เพิ่มเติม,11,ทดลอง และอธิบายกฎของโอห์ม อธิบายความสัมพันธ์ระหว่างความต้านทานกับความยาว พื้นที่หน้าตัด และสภาพต้านทานของตัวนำโลหะที่อุณหภูมิคงตัว และคำนวณปริมาณต่าง ๆ ที่เกี่ยวข้อง รวมทั้ง อธิบายและคำนวณความต้านทานสมมูลเมื่อนำตัวต้านทานมาต่อกันแบบ อนุกรมและแบบขนาน,
ว30204,เพิ่มเติม,12,ทดลอง อธิบาย และคำนวณอีเอ็มเอฟของแหล่งกำเนิดไฟฟ้ากระแสตรง รวมทั้งอธิบายและ คำนวณพลังงานไฟฟ้า และกำลังไฟฟ้า,
ว30204,เพิ่มเติม,13,ทดลอง และคำนวณอีเอ็มเอฟสมมูลจากการต่อแบตเตอรี่แบบอนุกรมและแบบขนาน รวมทั้ง คำนวณปริมาณต่าง ๆ ที่เกี่ยวข้องในวงจรไฟฟ้ากระแสตรงซึ่งประกอบด้วยแบตเตอรี่และตัว ต้านทาน,
ว30204,เพิ่มเติม,14,อธิบายการเปลี่ยนพลังงานทดแทนเป็นพลังงานไฟฟ้า รวมทั้งสืบค้นและอภิปรายเกี่ยวกับ เทคโนโลยีที่นำมาแก้ปัญหาหรือตอบสนองความต้องการทางด้านพลังงาน โดยเน้นด้าน ประสิทธิภาพและความคุ้มค่าด้านค่าใช้จ่าย,
ว30206,เพิ่มเติม,1,อธิบายการเกิดและลักษณะเฉพาะของคลื่นแม่เหล็กไฟฟ้า แสงไม่โพลาไรส์ แสงโพลาไรส์เชิงเส้น และแผ่นโพลารอยด์ รวมทั้งอธิบายการนำคลื่นแม่เหล็กไฟฟ้าในช่วงความถี่ต่าง ๆ ไปประยุกต์ใช้และ หลักการทำงานของอุปกรณ์ที่เกี่ยวข้อง,
ว30206,เพิ่มเติม,2,สืบค้นและอธิบายการสื่อสารโดยอาศัยคลื่นแม่เหล็กไฟฟ้าในการส่งผ่านสารสนเทศ และเปรียบเทียบการสื่อสารด้วย สัญญาณแอนะล็อกกับสัญญาณดิจิทัล,
ว30206,เพิ่มเติม,3,อธิบายสมมติฐานของพลังค์ ทฤษฎีอะตอมของโบร์ และการเกิดเส้นสเปกตรัมของอะตอมไฮโดรเจน รวมทั้ง คำนวณปริมาณต่าง ๆ ที่เกี่ยวข้อง,
ว30206,เพิ่มเติม,4,อธิบายปรากฏการณ์โฟโตอิเล็กทริกและคำนวณพลังงานโฟตอน พลังงานจลน์ของโฟโตอิเล็กตรอนและ ฟังก์ชันงานของโลหะ,
ว30206,เพิ่มเติม,5,อธิบายทวิภาวะของคลื่นและอนุภาค รวมทั้งอธิบายและคำนวณความยาวคลื่นเดอบรอยส์,
ว30206,เพิ่มเติม,6,อธิบายกัมมันตภาพรังสีและความแตกต่างของรังสีแอลฟา บีตาและแกมมา,
ว30206,เพิ่มเติม,7,อธิบายและคำนวณกัมมันตภาพของนิวเคลียสกัมมันตรังสี รวมทั้งทดลอง อธิบาย และคำนวณจำนวนนิวเคลียส กัมมันตรังสีที่เหลือจากการสลายและครึ่งชีวิต,
ว30206,เพิ่มเติม,8,อธิบายแรงนิวเคลียร์ เสถียรภาพของนิวเคลียส และพลังงานยึดเหนี่ยว รวมทั้งคำนวณปริมาณต่าง ๆ ที่เกี่ยวข้อง,
ว30206,เพิ่มเติม,9,อธิบายปฏิกิริยานิวเคลียร์ ฟิชชัน และฟิวชัน รวมทั้งคำนวณพลังงานนิวเคลียร์,
ว30206,เพิ่มเติม,10,อธิบายประโยชน์ของพลังงานนิวเคลียร์และรังสี รวมทั้งอันตรายและการป้องกันรังสีในด้านต่าง ๆ,
ว30206,เพิ่มเติม,11,อธิบายการค้นคว้าวิจัยด้านฟิสิกส์อนุภาค แบบจำลองมาตรฐาน และการใช้ประโยชน์จากการค้นคว้าวิจัยด้าน ฟิสิกส์อนุภาคในด้านต่าง ๆ,
ส32202,เพิ่มเติม,1,เสนอแนวทางการแก้ปัญหาการขัดกันระหว่างผลประโยชน์ส่วนตนและผลประโยชน์ส่วนรวมที่ส่งผลต่อสังคมและประเทศรู้จักหน้าที่ของตนเองและเคารพสิทธิของผู้อื่น,
ส32202,เพิ่มเติม,2,วิเคราะห์ความสัมพันธ์ระหว่างจริยธรรม คุณธรรม ที่ส่งผลต่อการแก้ไขปัญหาการทุจริต,
ส32202,เพิ่มเติม,3,มีความละอายและความไม่ทนต่อการทุจริตที่เกิดขึ้นและส่งผลกระทบต่อประเทศไทย,
ส32202,เพิ่มเติม,4,นำหลัก STRONG : จิตพอเพียงต้านทุจริตไปใช้ในการแก้ไขปัญหาการทุจริต ในสังคมไทย,
ส32202,เพิ่มเติม,5,ปฏิบัติตนเป็นพลเมืองที่มีความรับผิดชอบต่อสังคมและประเทศไทย,
ส32202,เพิ่มเติม,6,ตระหนักและเห็นความสำคัญของการปฏิบัติตนเป็นผู้มีคุณธรรมจริยธรรมเกี่ยวกับ ความพอเพียง มีวินัย ซื่อสัตย์สุจริตและมีจิตสาธารณะในการป้องกันการทุจริต,
ว32103,พื้นฐาน,ว 3.1 ม.6/2,อธิบายหลักฐานที่สนับสนุนทฤษฎี   บิกแบงจากความสัมพันธ์ระหว่างความเร็วกับระยะทางของกาแล็กซี รวมทั้งข้อมูลการค้นพบไมโครเวฟพื้นหลังจากอวกาศ,ระหว่างทาง
ว32103,พื้นฐาน,ว 3.1 ม.6/3,อธิบายโครงสร้างและองค์ประกอบของกาแล็กซีทางช้างเผือก และระบุตำแหน่งของระบบสุริยะ พร้อมอธิบายเชื่อมโยงกับการสังเกตเห็นทางช้างเผือกของคนบนโลก,ระหว่างทาง
ว32103,พื้นฐาน,ว 3.1 ม.6/4,อธิบายกระบวนการเกิดดาวฤกษ์ โดยแสดงการเปลี่ยนแปลงความดัน อุณหภูมิ ขนาด จากดาวฤกษ์ก่อนเกิดจนเป็นดาวฤกษ์,ระหว่างทาง
ว32103,พื้นฐาน,ว 3.1 ม.6/5,ระบุปัจจัยที่ส่งผลต่อความส่องสว่างของดาวฤกษ์ และอธิบายความสัมพันธ์ระหว่างความส่องสว่างกับโชติมาตรของดาวฤกษ์,ระหว่างทาง
ว32103,พื้นฐาน,ว 3.1 ม.6/6,อธิบายความสัมพันธ์ระหว่างสี อุณหภูมิผิว และสเปกตรัมของดาวฤกษ์,ระหว่างทาง
ว32103,พื้นฐาน,ว 3.1 ม.6/8,อธิบายกระบวนการเกิดระบบสุริยะ และการแบ่งเขตบริวารของดวงอาทิตย์ และลักษณะของดาวเคราะห์ที่เอื้อต่อการดำรงชีวิต,ระหว่างทาง
ว32103,พื้นฐาน,ว 3.2 ม.6/1,อธิบายการแบ่งชั้นและสมบัติโครงสร้างของโลก พร้อมยกตัวอย่างข้อมูลที่สนับสนุน,ระหว่างทาง
ว32103,พื้นฐาน,ว 3.2 ม.6/2,อธิบายหลักฐานทางธรณีวิทยาที่สนับสนุนการเคลื่อนที่ของแผ่นธรณี,ระหว่างทาง
ว32103,พื้นฐาน,ว 3.2 ม.6/3,ระบุสาเหตุ และอธิบายรูปแบบแนวรอยต่อของแผ่นธรณีที่สัมพันธ์กับการเคลื่อนที่ของแผ่นธรณี พร้อมยกตัวอย่างหลักฐานทางธรณีวิทยาที่พบ,ระหว่างทาง
ว32103,พื้นฐาน,ว 3.2 ม.6/7,อธิบายปัจจัยสำคัญที่มีผลต่อการได้รับพลังงานจากดวงอาทิตย์แตกต่างกันในแต่ละบริเวณของโลก,ระหว่างทาง
ว32103,พื้นฐาน,ว 3.2 ม.6/8,อธิบายการหมุนเวียนของอากาศ ที่เป็นผลมาจากความแตกต่างของความกดอากาศ,ระหว่างทาง
ว32103,พื้นฐาน,ว 3.2 ม.6/9,อธิบายทิศทางการเคลื่อนที่ของอากาศ ที่เป็นผลมาจากการหมุนรอบตัวของโลก,ระหว่างทาง
ว32103,พื้นฐาน,ว 3.2 ม.6/10,อธิบายการหมุนเวียนของอากาศตามเขตละติจูด และผลที่มีต่อภูมิอากาศ,ระหว่างทาง
ว32103,พื้นฐาน,ว 3.2 ม.6/11,อธิบายปัจจัยที่ทำให้เกิดการหมุนเวียนของน้ำผิวหน้าในมหาสมุทร และรูปแบบการหมุนเวียนของน้ำผิวหน้าในมหาสมุทร,ระหว่างทาง
ว32103,พื้นฐาน,ว 3.1 ม.6/1,อธิบายการกำเนิดและการเปลี่ยนแปลงพลังงาน สสาร ขนาด อุณหภูมิของเอกภพหลังเกิดบิกแบงในช่วงเวลาต่าง ๆ ตามวิวัฒนาการของเอกภพ,ปลายทาง
ว32103,พื้นฐาน,ว 3.1 ม.6/7,อธิบายลำดับวิวัฒนาการที่สัมพันธ์กับมวลตั้งต้นและวิเคราะห์การเปลี่ยนแปลงสมบัติบางประการของดาวฤกษ์,ปลายทาง
ว32103,พื้นฐาน,ว 3.1 ม.6/9,อธิบายโครงสร้างของดวงอาทิตย์ การเกิดลมสุริยะ พายุสุริยะ และสืบค้นข้อมูล วิเคราะห์ นำเสนอปรากฏการณ์หรือเหตุการณ์ที่เกี่ยวข้องกับผลของลมสุริยะและพายุสุริยะที่มีต่อโลก รวมทั้งประเทศไทย,ปลายทาง
ว32103,พื้นฐาน,ว 3.1 ม.6/10,สืบค้นข้อมูล อธิบายการสำรวจอวกาศ โดยใช้กล้องโทรทรรศน์ในช่วงความยาวคลื่นต่าง ๆ ดาวเทียม ยานอวกาศ สถานีอวกาศและนำเสนอแนวคิดการนำความรู้ทางด้านเทคโนโลยีอวกาศมาประยุกต์ใช้ ในชีวิตประจำวันหรือในอนาคต,ปลายทาง
ว32103,พื้นฐาน,ว 3.2 ม.6/4,อธิบายสาเหตุ กระบวนการเกิดภูเขาไฟระเบิด รวมทั้งสืบค้นข้อมูลพื้นที่เสี่ยงภัย ออกแบบและนำเสนอแนวทางการเฝ้าระวังและการปฏิบัติตนให้ปลอดภัย,ปลายทาง
ว32103,พื้นฐาน,ว 3.2 ม.6/5,อธิบายสาเหตุ กระบวนการเกิด ขนาดและความรุนแรง และผลจากแผ่นดินไหว รวมทั้งสืบค้นข้อมูลพื้นที่เสี่ยงภัย ออกแบบและนำเสนอแนวทางการเฝ้าระวังและการปฏิบัติตนให้ปลอดภัย,ปลายทาง
ว32103,พื้นฐาน,ว 3.2 ม.6/6,อธิบายสาเหตุ กระบวนการเกิด และผลจากสึนามิ รวมทั้งสืบค้นข้อมูลพื้นที่เสี่ยงภัย ออกแบบและนำเสนอแนวทางการเฝ้าระวังและการปฏิบัติตนให้ปลอดภัย,
ว32103,พื้นฐาน,ว 3.2 ม.6/12,อธิบายผลของการหมุนเวียนของอากาศและน้ำผิวหน้าในมหาสมุทรที่มีต่อลักษณะภูมิอากาศ ลมฟ้าอากาศ สิ่งมีชีวิต และสิ่งแวดล้อม,ปลายทาง
ว32103,พื้นฐาน,ว 3.2 ม.6/13,อธิบายปัจจัยที่มีผลต่อการเปลี่ยนแปลงภูมิอากาศของโลก พร้อมทั้งนำเสนอแนวปฏิบัติเพื่อลดกิจกรรมของมนุษย์ ที่ส่งผลต่อการเปลี่ยนแปลงภูมิอากาศโลก,ปลายทาง
ว32103,พื้นฐาน,ว 3.2 ม.6/14,แปลความหมายสัญลักษณ์ลมฟ้าอากาศที่สำคัญจากแผนที่อากาศ และนำข้อมูลสารสนเทศต่าง ๆ มาวางแผนการดำเนินชีวิตให้สอดคล้องกับสภาพลมฟ้าอากาศ,ปลายทาง
ว30205 ,เพิ่มเติม,1,สังเกต และอธิบายเส้นสนามแม่เหล็ก อธิบายและคำนวณฟลักซ์แม่เหล็กในบริเวณที่กำหนด รวมทั้งสังเกตและอธิบายสนามแม่เหล็กที่เกิดจากกระแสไฟฟ้าในลวดตัวนำเส้นตรงและโซเลนอยด์ได้,
ว30205 ,เพิ่มเติม,2,อธิบาย และคำนวณแรงแม่เหล็กที่กระทำต่ออนุภาคที่มีประจุไฟฟ้าเคลื่อนที่ในสนามแม่เหล็ก แรงแม่เหล็กที่กระทำต่อเส้นลวดที่มีกระแสไฟฟ้าผ่านและวางในสนามแม่เหล็ก รัศมีความโค้งของการเคลื่อนที่เมื่อประจุเคลื่อนที่ตั้งฉากกับสนามแม่เหล็ก รวมทั้งอธิบายแรงระหว่างเส้นลวดตัวนำคู่ขนานที่มีกระแสไฟฟ้าผ่านได้,
ว30205 ,เพิ่มเติม,3,อธิบายหลักการทำงานของแกลแวนอมิเตอร์และมอเตอร์ไฟฟ้ากระแสตรง รวมทั้งคำนวณปริมาณต่าง ๆ ที่เกี่ยวข้องได้,
ว30205 ,เพิ่มเติม,4,สังเกต และอธิบายการเกิดอีเอ็มเอฟเหนี่ยวนำ กฎการเหนี่ยวนำของฟาราเดย์ และคำนวณปริมาณต่าง ๆ ที่เกี่ยวข้อง รวมทั้งนำความรู้เรื่องอีเอ็มเอฟเหนี่ยวนำไปอธิบายการทำงานของเครื่องใช้ไฟฟ้าได้,
ว30205 ,เพิ่มเติม,5,อธิบาย และคำนวณความต่างศักย์อาร์เอ็มเอส และกระแสไฟฟ้าอาร์เอ็มเอสได้,
ว30205 ,เพิ่มเติม,6,อธิบายหลักการทำงานและประโยชน์ของเครื่องกำเนิดไฟฟ้ากระแสสลับ 3 เฟส การแปลงอีเอ็มเอฟของหม้อแปลง และคำนวณปริมาณต่าง ๆ ที่เกี่ยวข้องได้,
ว30205 ,เพิ่มเติม,7,อธิบายและคำนวณความร้อนที่ทำให้สสารเปลี่ยนอุณหภูมิ ความร้อนที่ทำให้สสารเปลี่ยนสถานะ และความร้อนที่เกิดจากการถ่ายโอนตามกฎการอนุรักษ์พลังงาน,
ว30205 ,เพิ่มเติม,8,อธิบายกฎของแก๊สอุดมคติและคำนวณปริมาณต่าง ๆ ที่เกี่ยวข้อง,
ว30205 ,เพิ่มเติม,9,อธิบายแบบจำลองของแก๊สอุดมคติ ทฤษฎีจลน์ของแก๊ส และอัตราเร็วอาร์เอ็มเอสของโมเลกุลของแก๊ส รวมทั้งคำนวณปริมาณต่าง ๆ ที่เกี่ยวข้อง,
ว30205 ,เพิ่มเติม,10,อธิบายและคำนวณงานที่ทำโดยแก๊สในภาชนะปิดโดยความดันคงตัว และอธิบายความสัมพันธ์ระหว่างความร้อน พลังงานภายในระบบ และงานรวมทั้งคำนวณปริมาณต่าง ๆ ที่เกี่ยวข้องและนำความรู้ เรื่อง พลังงานภายในระบบไปอธิบายหลักการทำงานของเครื่องใช้ในชีวิตประจำวัน,
ว30205 ,เพิ่มเติม,11,อธิบายสภาพยืดหยุ่นและลักษณะการยืดและหดตัวของวัสดุที่เป็นแท่ง เมื่อถูกกระทำด้วยแรงค่าต่าง ๆ รวมทั้งทดลอง อธิบาย และคำนวณความเค้นตามยาว ความเครียดตามยาวและมอดุลัสของยัง และนำความรู้เรื่องสภาพยืดหยุ่นไปใช้ในชีวิตประจำวัน,
ว30205 ,เพิ่มเติม,12,อธิบาย และคำนวณความดันเกจ ความดันสัมบูรณ์ และความดันบรรยากาศ รวมทั้งอธิบายหลักการทำงานของแมนอมิเตอร์ บารอมิเตอร์ และเครื่องอัดไฮดรอลิกได้,
ว30205 ,เพิ่มเติม,13,ทดลอง อธิบาย และคำนวณขนาดแรงพยุงจากของไหลได้,
ว30205 ,เพิ่มเติม,14,ทดลอง อธิบาย และคำนวณความตึงผิวของของเหลว รวมทั้งสังเกตและอธิบายแรงหนืดของของเหลวได้,
ว30205 ,เพิ่มเติม,15,อธิบายสมบัติของของไหลอุดมคติ สมการความต่อเนื่อง และสมการแบร์นูลลี รวมทั้งคำนวณปริมาณต่าง ๆ ที่เกี่ยวข้อง และนำความรู้เกี่ยวกับสมการความต่อเนื่องและสมการแบร์นูลลีไปอธิบายหลักการทำงานของอุปกรณ์ต่าง ๆ ได้,
ว30203,เพิ่มเติม,1,ทดลอง และอธิบายการเคลื่อนที่แบบฮาร์มอนิกอย่างง่ายของวัตถุติดปลายสปริงและลูกตุ้มอย่างง่าย รวมทั้งคำนวณปริมาณต่าง ๆ ที่เกี่ยวข้องได้,
ว30203,เพิ่มเติม,2,อธิบายความถี่ธรรมชาติของวัตถุและการเกิดการสั่นพ้องได้,
ว30203,เพิ่มเติม,3,อธิบายปรากฏการณ์คลื่น ชนิดของคลื่น ส่วนประกอบของคลื่น การแผ่ของหน้าคลื่นด้วยหลักการของฮอยเกนส์ และการรวมกันของคลื่นตามหลักการซ้อนทับ พร้อมทั้งคำนวณ อัตราเร็ว ความถี่ และความยาวคลื่นได้,
ว30203,เพิ่มเติม,4,สังเกต และอธิบายการสะท้อน การหักเห การแทรกสอด และการเลี้ยวเบนของคลื่นผิวน้ำ รวมทั้งคำนวณปริมาณต่าง ๆ ที่เกี่ยวข้องได้,
ว30203,เพิ่มเติม,5,อธิบายการเกิดเสียง การเคลื่อนที่ของเสียง ความสัมพันธ์ระหว่างคลื่น การกระจัดของ อนุภาคกับคลื่นความดัน ความสัมพันธ์ระหว่างอัตราเร็วของเสียงในอากาศที่ขึ้นกับอุณหภูมิในหน่วยองศาเซลเซียส สมบัติของคลื่นเสียง ได้แก่ การสะท้อน การหักเห การแทรกสอด และการเลี้ยวเบน รวมทั้งคำนวณปริมาณต่าง ๆ ที่เกี่ยวข้องได้,
ว30203,เพิ่มเติม,6,อธิบายความเข้มเสียง ระดับเสียง องค์ประกอบของการได้ยิน คุณภาพเสียง และมลพิษทางเสียง รวมทั้งคำนวณปริมาณต่าง ๆ ที่เกี่ยวข้องได้,
ว30203,เพิ่มเติม,7,ทดลอง และอธิบายการเกิดการสั่นพ้องของอากาศในท่อปลายเปิดหนึ่งด้าน รวมทั้งสังเกต และอธิบายการเกิดบีต คลื่นนิ่ง ปรากฏการณ์ดอปเพลอร์ คลื่นกระแทกของเสียง คำนวณปริมาณต่าง ๆ ที่เกี่ยวข้อง และนำความรู้เรื่องเสียงไปใช้ในชีวิตประจำวันได้,
ว30203,เพิ่มเติม,8,ทดลอง และอธิบายการสะท้อนของแสงที่ผิววัตถุตามกฎการสะท้อน เขียนรังสีของแสงและคำนวณตำแหน่งและขนาดภาพของวัตถุ เมื่อแสงตกกระทบกระจกเงาราบและกระจกเงาทรงกลม รวมทั้งอธิบายการนำความรู้เรื่องการสะท้อนของแสงจากกระจกเงาราบและกระจกเงาทรงกลมไปใช้ประโยชน์ในชีวิตประจำวันได้,
ว30203,เพิ่มเติม,9,ทดลอง และอธิบายความสัมพันธ์ระหว่างดรรชนีหักเห มุมตกกระทบ และมุมหักเห รวมทั้งอธิบายความสัมพันธ์ระหว่างความลึกจริง และความลึกปรากฏ มุมวิกฤตและการสะท้อนกลับหมดของแสง และคำนวณปริมาณต่าง ๆ ที่เกี่ยวข้องได้,
ว30203,เพิ่มเติม,10,ทดลอง และเขียนรังสีของแสงเพื่อแสดงภาพที่เกิดจากเลนส์บาง หาตำแหน่ง ขนาด ชนิดของภาพ และความสัมพันธ์ระหว่างระยะวัตถุ ระยะภาพ และความยาวโฟกัส รวมทั้งคำนวณปริมาณต่าง ๆ ที่เกี่ยวข้อง และอธิบายการนำความรู้เรื่องการหักเหของแสงผ่านเลนส์บางไปใช้ประโยชน์ในชีวิตประจำวันได้,
ว30203,เพิ่มเติม,11,อธิบายปรากฏการณ์ธรรมชาติที่เกี่ยวกับแสง เช่น รุ้ง การทรงกลด มิราจ การเห็นท้องฟ้าเป็นสีต่าง ๆ ในช่วงเวลาต่างกันได้,
ว30203,เพิ่มเติม,12,สังเกต และอธิบายการมองเห็นแสงสี สีของวัตถุ การผสมสารสี และการผสมแสงสี รวมทั้งอธิบายสาเหตุของการบอดสีได้,
ว32101,พื้นฐาน,ว 2.1 ม.5/1,ระบุว่าสารเป็นธาตุหรือสารประกอบ และอยู่ในรูปอะตอม โมเลกุล หรือไอออน จากสูตรเคมี,ระหว่างทาง
ว32101,พื้นฐาน,ว 2.1 ม.5/2,เปรียบเทียบความเหมือนและความแตกต่างของแบบจาลองอะตอมของโบร์กับแบบจาลองอะตอมแบบกลุ่มหมอก,ระหว่างทาง
ว32101,พื้นฐาน,ว 2.1 ม.5/3,ระบุจำนวนโปรตอน นิวตรอน และอิเล็กตรอนของอะตอมและไอออนที่เกิดจากอะตอมเดียว,ระหว่างทาง
ว32101,พื้นฐาน,ว 2.1 ม.5/4,เขียนสัญลักษณ์นิวเคลียร์ของธาตุและระบุการเป็นไอโซโทป,ระหว่างทาง
ว32101,พื้นฐาน,ว 2.1 ม.5/5,ระบุหมู๋และคาบของธาตุ และระบุว่าธาตุเป็นโลหะ อโลหะกึ่งโลหะ กลุ่มธาตุเรพรีเซนเททีฟ หรือกลุ่มธาตุแทรนซิชันจากตารางธาตุ,ระหว่างทาง
ว32101,พื้นฐาน,ว 2.1 ม.5/6,เปรียบเทียบสมบัติการนำไฟฟ้า การให้และรับอิเล็กตรอนระหว่างธาตุในกลุ่มโลหะกับอโลหะ,ระหว่างทาง
ว32101,พื้นฐาน,ว 2.1 ม.5/7,สืบค้นข้อมูลและนาเสนอตัวอย่างประโยชน์และอันตรายที่เกิดจากธาตุเรพรีเซนเททีฟและธาตุแทรนซิชัน,ปลายทาง
ว32101,พื้นฐาน,ว 2.1 ม.5/8,ระบุว่าพันธะโคเวเลนต์เป็นพันธะเดี่ยว พันธะคู่ หรือพันธะสาม และระบุจำนวนคู่อิเล็กตรอนระหว่างอะตอมคู่ร่วมพันธะ จากสูตรโครงสร้าง,ระหว่างทาง
ว32101,พื้นฐาน,ว 2.1 ม.5/9,ระบุสภาพขั้วของสารที่โมเลกุลประกอบด้วย 2 อะตอม,ระหว่างทาง
ว32101,พื้นฐาน,ว 2.1 ม.5/10,ระบุสารที่เกิดพันธะไฮโดรเจนได้จากสูตรโครงสร้าง,ระหว่างทาง
ว32101,พื้นฐาน,ว 2.1 ม.5/11,อธิบายความสัมพันธ์ระหว่างจุดเดือดของสารโคเวเลนต์กับ แรงดึงดูดระหว่างโมเลกุลตามสภาพขั้วหรือการเกิดพันธะ ไฮโดรเจน,ปลายทาง
ว32101,พื้นฐาน,ว 2.1 ม.5/12,เขียนสูตรเคมีของไอออนและสารประกอบไอออนิก,ระหว่างทาง
ว32101,พื้นฐาน,ว 2.1 ม.5/13,ระบุว่าสารเกิดการละลายแบบแตกตัวหรือไม่แตกตัว พร้อมให้เหตุผล และระบุว่าสารละลายที่ได้เป็นสารละลายอิเล็กโทรไลต์ หรือนอนอิเล็กโทรไลต์,ปลายทาง
ว32101,พื้นฐาน,ว 2.1 ม.5/14,ระบุสารประกอบอินทรีย์ประเภทไฮโดรคาร์บอนว่าอิ่มตัว หรือไม่อิ่มตัวจากสูตรโครงสร้าง,ระหว่างทาง
ว32101,พื้นฐาน,ว 2.1 ม.5/15,สืบค้นข้อมูลและเปรียบเทียบสมบัติทางกายภาพระหว่างพอลิเมอร์และมอนอเมอร์ของพอลิเมอร์ ชนิดนั้น,ระหว่างทาง
ว32101,พื้นฐาน,ว 2.1 ม.5/16,ระบุสมบัติความเป็นกรด-เบสจากโครงสร้างของสารประกอบอินทรีย์,ระหว่างทาง
ว32101,พื้นฐาน,ว 2.1 ม.5/17,อธิบายสมบัติการละลายในตัวทำละลายชนิดต่างๆ ของสาร,ระหว่างทาง
ว32101,พื้นฐาน,ว 2.1 ม.5/18,วิเคราะห์และอธิบายความสัมพันธ์ระหว่างโครงสร้างกับสมบัติเทอร์มอพลาสติกและเทอร์มอเซตของพอลิเมอร์ และการนำพอลิเมอร์ไปใช้ประโยชน์,ระหว่างทาง
ว32101,พื้นฐาน,ว 2.1 ม.5/19,สืบค้นข้อมูลและนาเสนอผลกระทบของการใช้ผลิตภัณฑ์พอลิเมอร์ที่มีต่อสิ่งมีชิวิตและสิ่งแวดลอม พร้อมแนวทางป้องกัน หรือแก้ไข,ปลายทาง
ว32101,พื้นฐาน,ว 2.1 ม.5/20,ระบุสูตรเคมีของสารตั้งต้น ผลิตภัณฑ์ และแปลความหมาย ของสัญลักษณ์ในสมการเคมีของปฏิกิริยาเคมี,ระหว่างทาง
ว32101,พื้นฐาน,ว 2.1 ม.5/21,ทดลองและอธิบายผลของความเข้มข้น พื้นที่ผิว อุณหภูมิ และตัวเร่งปฏิกิริยา ที่มีผลต่ออัตราการเกิดปฏิกิริยาเคมี,ระหว่างทาง
ว32101,พื้นฐาน,ว 2.1 ม.5/22,สืบค้นข้อมูลและอธิบายปัจจัยที่มีผลต่ออัตราการเกิดปฏิกิริยาเคมีที่ใช้ประโยชน์ในชีวิตประจาวันหรือใน อุตสาหกรรม,ปลายทาง
ว32101,พื้นฐาน,ว 2.1 ม.5/23,อธิบายความหมายของปฏิกิริยารีดอกซ์,ระหว่างทาง
ว32101,พื้นฐาน,ว 2.1 ม.5/24,อธิบายสมบัติของสารกัมมันตรังสี และคำนวณครึ่งชีวิตและปริมาณของสารกัมมันตรังสี,ระหว่างทาง
ว32101,พื้นฐาน,ว 2.1 ม.5/25,สืบค้นข้อมูลและนำเสนอตัวอย่างประโยชน์ของสารกัมมันตรังสีและการป้องกันอันตรายที่เกิดจากกัมมันตภาพรังสี ,ระหว่างทาง
พ32201,พื้นฐาน,พ 1.1 ม.2/1 ,อธิบายการเปลี่ยนแปลงด้านร่างกายจิตใจ อารมณ์ สังคม และสติปัญญาในวัยรุ่น,ระหว่างทาง
พ32201,พื้นฐาน,พ 1.1 ม.2/2 ,ระบุปัจจัยที่มีผลกระทบต่อการเจริญเติบโตและพัฒนาการด้านร่างกาย จิตใจ อารมณ์ สังคมและสติปัญญาในวัยรุ่น,ปลายทาง
พ32201,พื้นฐาน,พ 2.1 ม.2/1,วิเคราะห์ปัจจัยที่มีอิทธิพลต่อเจตคติในเรื่องเพศ,ระหว่างทาง
พ32201,พื้นฐาน,พ 2.1 ม.2/2,วิเคราะห์ปัญหาและผลกระทบที่เกิดจากการมีเพศสัมพันธ์ในวัยเรียน,ระหว่างทาง
พ32201,พื้นฐาน,พ 2.1 ม.2/4,อธิบายความสำคัญของความเสมอภาคทางเพศและวางตัวได้อย่างเหมาะสม,ระหว่างทาง
พ32201,พื้นฐาน,พ 2.1 ม.2/3 ,อธิบายวิธีป้องกันตนเองและหลีกเลี่ยงจากโรคติดต่อทางเพศสัมพันธ์ เอดส์ และการตั้งครรภ์โดยไม่พึงประสงค์,ปลายทาง
พ32201,พื้นฐาน,พ 4.1 ม.2/7,พัฒนาสมรรถภาพทางกายตนเองให้เป็นไปตามเกณฑ์ที่กำหนด,ระหว่างทาง
พ32201,พื้นฐาน,พ 4.1 ม.2/1 ,เลือกใช้บริการทางสุขภาพอย่างมีเหตุผล,ปลายทาง
ส32201,เพิ่มเติม,1,รู้และเข้าใจความหมายของการขัดกันระหว่างประโยชน์ส่วนตนและผลประโยชน์ ส่วนรวมในระดับ สังคม ประเทศชาติ สังคมโลก,
ส32201,เพิ่มเติม,2,รู้และเข้าใจประมวลกฎหมายอาญาที่เกี่ยวข้องกับการแก้ไขปัญหาการทุจริต,
ส32201,เพิ่มเติม,3,แยกแยะความแตกต่างระหว่างผลประโยชน์ส่วนตนและผลประโยชน์ส่วนรวม ที่ส่งผลต่อประเทศในระดับอาเซียน,
ส32201,เพิ่มเติม,4,รู้และเข้าใจกระบวนการในการต่อต้านการป้องกันการทุจริต ความเป็นพลเมืองและ ความเป็นพลโลกที่ดี,
ส32201,เพิ่มเติม,5,รู้วิธีการแก้ปัญหาการทุจริตในสังคมไทยโดยยึดหลัก STRONG : จิตพอเพียง ต้านทุจริต,
ส32201,เพิ่มเติม,6,นำพฤติกรรมที่เกิดจากระบบคิดฐานสองไปแก้ระบบคิดฐานสิบที่ส่งผลต่อระดับประเทศและสังคมโลก,
ส33202,เพิ่มเติม,1,รู้และเข้าใจปัญหาการทุจริตที่เกิดขึ้นในประเทศไทยและส่งผลกระทบต่อประเทศ ต่าง ๆ และโลก,
ส33202,เพิ่มเติม,2,นำเสนอแนวทางแก้ปัญหาผลประโยชน์ทับซ้อน การสร้างสำนึกความเป็นพลเมือง ที่มีความรับผิดชอบต่อการทุจริต วิธีการปฏิบัติตนเป็นผู้ที่มีความละอายและความไม่ทนต่อการทุจริต,
ส33202,เพิ่มเติม,3,จัดกิจกรรมอาสาโดยผ่านกระบวนการ STRONG : จิตพอเพียงต้านทุจริต เพื่อการพัฒนาประเทศสู่สังคมโลก,
ส33202,เพิ่มเติม,4,นำเสนอแนวทางการแก้ปัญหาและวิธีการปฏิบัติในการแก้ไขปัญหาการทุจริต ในฐานะเป็นพลเมืองดีและเป็นพลโลก,
ส33202,เพิ่มเติม,5,ตระหนักและเห็นความสำคัญของการปฏิบัติตนเป็นผู้มีคุณธรรมจริยธรรมเกี่ยวกับ ความพอเพียง มีวินัย ซื่อสัตย์สุจริตและมีจิตสาธารณะในการป้องกันการทุจริต,
ว30202,เพิ่มเติม,1,อธิบายสมดุลกลของวัตถุ โมเมนต์ และผลรวมของโมเมนต์ที่มีต่อการหมุน แรงคู่ควบและผลของแรงคู่ควบที่มีต่อสมดุลของวัตถุ เขียนแผนภาพของแรงที่กระทำต่อวัตถุอิสระเมื่อวัตถุอยู่ในสมดุลกลและคำนวณปริมาณต่าง ๆ ที่เกี่ยวข้อง รวมทั้งทดลองและอธิบายสมดุลของแรงสามแรง,
ว30202,เพิ่มเติม,2,สังเกตและอธิบายสภาพการเคลื่อนที่ของวัตถุ เมื่อแรงที่กระทำต่อวัตถุผ่านศูนย์กลางมวลของวัตถุ และผลของศูนย์ถ่วงที่มีต่อเสถียรภาพของวัตถุ,
ว30202,เพิ่มเติม,3,วิเคราะห์ และคำนวณงานของแรงคงตัว จากสมการและพื้นที่ใต้กราฟความสัมพันธ์ระหว่างแรงกับตำแหน่ง รวมทั้งอธิบายและคำนวณกำลังเฉลี่ย,
ว30202,เพิ่มเติม,4,อธิบายและคำนวณพลังงานจลน์ พลังงานศักย์ พลังงานกล ทดลองหาความสัมพันธ์ระหว่างงานกับพลังงานจลน์ ความสัมพันธ์ระหว่างงานกับพลังงานศักย์โน้มถ่วง ความสัมพันธ์ระหว่างขนาดของแรงที่ใช้ดึงสปริงกับระยะที่สปริงยืดออกและความสัมพันธ์ระหว่างงานกับพลังงานศักย์ยืดหยุ่น รวมทั้งอธิบายความสัมพันธ์ระหว่างงานของแรงลัพธ์และพลังงานจลน์ และคำนวณงานที่เกิดขึ้นจากแรงลัพธ์,
ว30202,เพิ่มเติม,5,อธิบายกฎการอนุรักษ์พลังงานกล รวมทั้งวิเคราะห์ และคำนวณปริมาณต่าง ๆ ที่เกี่ยวข้องกับการเคลื่อนที่ของวัตถุในสถานการณ์ต่าง ๆ โดยใช้กฎการอนุรักษ์พลังงานกล,
ว30202,เพิ่มเติม,6,อธิบายการทำงาน ประสิทธิภาพและการได้เปรียบเชิงกลของเครื่องกลอย่างง่ายบางชนิดโดยใช้ความรู้เรื่องงานและสมดุลกล รวมทั้งคำนวณประสิทธิภาพและการได้เปรียบเชิงกล,
ว30202,เพิ่มเติม,7,อธิบาย และคำนวณโมเมนตัมของวัตถุ และการดลจากสมการและพื้นที่ใต้กราฟความสัมพันธ์ระหว่างแรงลัพธ์กับเวลา รวมทั้งอธิบายความสัมพันธ์ระหว่างแรงดลกับโมเมนตัม,
ว30202,เพิ่มเติม,8,ทดลอง อธิบาย และคำนวณปริมาณต่าง ๆ ที่เกี่ยวกับการชนของวัตถุในหนึ่งมิติทั้งแบบยืดหยุ่นไม่ยืดหยุ่น และการดีดตัวแยกจากกันในหนึ่งมิติซึ่งเป็นไปตามกฎการอนุรักษ์โมเมนตัม,
ว30202,เพิ่มเติม,9,อธิบาย วิเคราะห์ และคำนวณปริมาณต่าง ๆ ที่เกี่ยวข้องกับการเคลื่อนที่แบบโพรเจกไทล์ และทดลองการเคลื่อนที่แบบโพรเจกไทล์,
ว30202,เพิ่มเติม,10,ทดลองและอธิบายความสัมพันธ์ระหว่างแรงสู่ศูนย์กลาง รัศมีของการเคลื่อนที่ อัตราเร็วเชิงเส้นอัตราเร็วเชิงมุม และมวลของวัตถุในการเคลื่อนที่แบบวงกลมในระนาบระดับ รวมทั้งคำนวณปริมาณต่าง ๆ ที่เกี่ยวข้อง และประยุกต์ใช้ความรู้การเคลื่อนที่แบบวงกลมในการอธิบายการโคจรของดาวเทียม,
ว30201,เพิ่มเติม,1,สืบค้น และอธิบายการค้นหาความรู้ทางฟิสิกส์ประวัติความเป็นมา รวมทั้งพัฒนาการของหลักการและแนวคิดทางฟิสิกส์ที่มีผลต่อการแสวงหาความรู้ใหม่และการพัฒนาเทคโนโลยี,
ว30201,เพิ่มเติม,2,วัด และรายงานผลการวัดปริมาณทางฟิสิกส์ได้ถูกต้องเหมาะสม โดยนำความคลาดเคลื่อนในการวัดมาพิจารณาในการนำเสนอผล รวมทั้งแสดงผลการทดลองในรูปของกราฟ วิเคราะห์และแปลความหมายจากกราฟเส้นตรง,
ว30201,เพิ่มเติม,3,ทดลอง และอธิบายความสัมพันธ์ระหว่างตำแหน่ง การกระจัด ความเร็ว และความเร่งของการเคลื่อนที่ของวัตถุในแนวตรงที่มีความเร่งคงตัวจากกราฟและสมการ รวมทั้งทดลองหาค่าความเร่งโน้มถ่วงของโลก และคำนวณปริมาณต่าง ๆ ที่เกี่ยวข้อง,
ว30201,เพิ่มเติม,4,ทดลอง และอธิบายการหาแรงลัพธ์ของแรงสองแรงที่ทำมุมต่อกัน,
ว30201,เพิ่มเติม,5,เขียนแผนภาพของแรงที่กระทำต่อวัตถุอิสระทดลอง และอธิบายกฎการเคลื่อนที่ของนิวตันและการใช้กฎการเคลื่อนที่ของนิวตันกับสภาพการเคลื่อนที่ของวัตถุ รวมทั้งคำนวณปริมาณต่าง ๆ ที่เกี่ยวข้อง,
ว30201,เพิ่มเติม,6,อธิบายกฎความโน้มถ่วงสากลและผลของสนามโน้มถ่วงที่ทำให้วัตถุมีน้ำหนัก รวมทั้งคำนวณปริมาณต่าง ๆ ที่เกี่ยวข้อง,
ว30201,เพิ่มเติม,7,วิเคราะห์ อธิบาย และคำนวณแรงเสียดทานระหว่างผิวสัมผัสของวัตถุคู่หนึ่ง ๆ ในกรณีที่วัตถุหยุดนิ่งและวัตถุเคลื่อนที่ รวมทั้งทดลองหาสัมประสิทธิ์ความเสียดทานระหว่างผิวสัมผัสของวัตถุคู่หนึ่ง ๆ และนำความรู้เรื่องแรงเสียดทานไปใช้ในชีวิตประจำวัน,
ว30201,เพิ่มเติม,8,อธิบาย วิเคราะห์และคำนวณปริมาณต่าง ๆ ที่เกี่ยวข้องกับการเคลื่อนที่แบบโพรเจกไทล์และทดลองการเคลื่อนที่แบบโพรเจกไทล,
ว30201,เพิ่มเติม,9,ทดลอง และอธิบายความสัมพันธ์ระหว่างแรงสู่ศูนย์กลาง รัศมีของการเคลื่อนที่อัตราเร็วเชิงเส้น อัตราเร็วเชิงมุม และมวลของวัตถุในการเคลื่อนที่แบบวงกลมในระนาบระดับ รวมทั้งคำนวณปริมาณต่าง ๆ ที่เกี่ยวข้องและประยุกต์ใช้ความรู้การเคลื่อนที่แบบวงกลมในการอธิบายการโคจรของดาวเทียม,